pcrid,group,subgroup,plate,well,sample,ftag,rtag,band.strength,volume,field,rep
391,ESFN,,TSB 28,9G,102,CGTAGA,GTTCAG,2,10,NA,
322,ESFN,,TSB 28,1B,103,CAGGAT,ACTGTG,1,10,NA,
390,ESFN,,TSB 28,9F,105,CGATCT,GTTCAG,1,10,NA,
323,ESFN,,TSB 28,1C,106,CAGTTG,ACTGTG,1,10,NA,
246,ESFN,,TSB 24,1F,392,AGTCCA,GAACGA,3,5,NA,
247,ESFN,,TSB 24,1G,512,CAACTC,GAACGA,3,5,NA,
505,ESFN,,TSB 30,4A,10b 1.6,CACAGT,AGTCCA,2,10,10b,1
549,ESFN,,TSB 30,9E,10b 1.1,GAGCTA,CATGCT,4,2,10b,1
455,ESFN,,TSB 29,7G,10b 1.2,CGTAGA,TGTTCC,2,10,10b,1
506,ESFN,,TSB 30,4B,10b 1.4,CAGGAT,AGTCCA,2,10,10b,1
206,ESFN,,TSB 23,6F,11a 1.1,AGTCCA,GATACC,2,10,11a,1
221,ESFN,,TSB 23,8E,11a 1.2,AGCATG,CATCAC,2,10,11a,1
234,ESFN,,TSB 23,10B,11a 1.3,ACCTCA,TCTGGA,1,10,11a,1
216,ESFN,,TSB 23,7H,11a 1.4,CAAGCA,TACGAC,2,10,11a,1
235,ESFN,,TSB 23,10C,11a 1.5,ACGTGT,TCTGGA,1,10,11a,1
255,ESFN,,TSB 24,2G,11a 1.6,CAACTC,AGTCCA,1,10,11a,1
236,ESFN,,TSB 23,10D,11a 1.7,ACTCTG,TCTGGA,1,10,11a,1
376,ESFN,,TSB 28,7H,11b 3.1,CTCACA,TCTACG,1,10,11b,3
348,ESFN,,TSB 28,4D,11b 3.2,CCATAC,GTATGG,3,5,11b,3
346,ESFN,,TSB 28,4B,11b 3.5,CAGGAT,GTATGG,1,10,11b,3
349,ESFN,,TSB 28,4E,11b 3.6,CCTGTA,GTATGG,2,10,11b,3
392,ESFN,,TSB 28,9H,11b 3.7,CTCACA,GTTCAG,2,10,11b,3
427,ESFN,,TSB 29,4C,11b 3.7,CAGTTG,ACCATC,1,10,11b,3
293,ESFN,,TSB 24,7E,12a 1.6,CCTGTA,CATGCT,1,10,12a,1
457,ESFN,,TSB 29,8A,12a 3.4,CACAGT,GATACC,2,10,12a,3
171,ESFN,,TSB 23,2C,12b 1.1,ACGTGT,ACCATC,3,5,12b,1
187,ESFN,,TSB 23,4C,12b 1.2,ACGTGT,TCAAGC,3,5,12b,1
278,ESFN,,TSB 24,5F,12b 1.4,CGATCT,ACACGT,2,10,12b,1
285,ESFN,,TSB 24,6E,12b 1.5,CCTGTA,CAGAGT,1,10,12b,1
167,ESFN,,TSB 23,1G,12b 1.7,CAACTC,TAGCTC,2,10,12b,1
466,ESFN,,TSB 29,9B,12b3.1,CAGGAT,TACGAC,2,10,12b,3
245,ESFN,,TSB 24,1E,13b 1.1,AGCATG,GAACGA,2,10,13b,1
202,ESFN,,TSB 23,6B,13b 1.2,ACCTCA,GATACC,2,10,13b,1
239,ESFN,,TSB 23,10G,13b 1.3,CAACTC,TCTGGA,3,5,13b,1
213,ESFN,,TSB 23,7E,13b 1.4,AGCATG,TACGAC,1,10,13b,1
253,ESFN,,TSB 24,2E,13b 1.6,AGCATG,AGTCCA,1,10,13b,1
209,ESFN,,TSB 23,7A,13b 1.7,AAGGTC,TACGAC,1,10,13b,1
456,ESFN,,TSB 29,7H,13b 3.5,CTCACA,TGTTCC,1,10,13b,3
547,ESFN,,TSB 30,9C,13b 3.7,GAAGTG,CATGCT,3,5,13b,3
381,ESFN,,TSB 28,8E,14b 3.1,CCTGTA,TGTGAG,1,10,14b,3
338,ESFN,,TSB 28,3B,14b 3.3,CAGGAT,CAACTG,1,10,14b,3
370,ESFN,,TSB 28,7B,14b 3.4,CAGGAT,TCTACG,2,10,14b,3
397,ESFN,,TSB 28,10E,14b 3.5,CCTGTA,AGCAAG,1,10,14b,3
371,ESFN,,TSB 28,7C,14b 3.6,CAGTTG,TCTACG,1,10,14b,3
345,ESFN,,TSB 28,4A,14b 3.8,CACAGT,GTATGG,1,10,14b,3
429,ESFN,,TSB 29,4E,14b 3.2,CCTGTA,ACCATC,2,10,14b,3
378,ESFN,,TSB 28,8B,16b 1.7,CAGGAT,TGTGAG,1,10,16b,1
503,ESFN,,TSB 30,3G,16b 1.1,CGTAGA,GAACGA,1,10,16b,1
527,ESFN,,TSB 30,6G,16b 1.2,GCAGAA,TGAGGT,1,10,16b,1
502,ESFN,,TSB 30,3F,16b 1.5,CGATCT,GAACGA,2,10,16b,1
450,ESFN,,TSB 29,7B,16b 3.3,CAGGAT,TGTTCC,2,10,16b,3
531,ESFN,,TSB 30,7C,16b 3.4,GAAGTG,ACACGT,3,5,16b,3
443,ESFN,,TSB 29,6C,16b 3.7,CAGTTG,TCAAGC,2,10,16b,3
419,ESFN,,TSB 29,3C,19a 1.2,CAGTTG,TAGCTC,2,10,19a,1
207,ESFN,,TSB 23,6G,22a 1.1,CAACTC,GATACC,1,10,22a,1
254,ESFN,,TSB 24,2F,22a 1.2,AGTCCA,AGTCCA,1,10,22a,1
211,ESFN,,TSB 23,7C,22a 1.3,ACGTGT,TACGAC,1,10,22a,1
215,ESFN,,TSB 23,7G,22a 1.4,CAACTC,TACGAC,1,10,22a,1
243,ESFN,,TSB 24,1C,22a 1.5,ACGTGT,GAACGA,1,10,22a,1
241,ESFN,,TSB 24,1A,22a 1.6,AAGGTC,GAACGA,1,10,22a,1
204,ESFN,,TSB 23,6D,22a 1.7,ACTCTG,GATACC,2,10,22a,1
535,ESFN,,TSB 30,7G,22a 3.7,GCAGAA,ACACGT,1,10,22a,3
194,ESFN,,TSB 23,5B,22b 3.1,ACCTCA,TGTTCC,1,10,22b,3
189,ESFN,,TSB 23,4E,22b 3.2,AGCATG,TCAAGC,3,5,22b,3
282,ESFN,,TSB 24,6B,22b 3.3,CAGGAT,CAGAGT,1,10,22b,3
274,ESFN,,TSB 24,5B,22b 3.4,CAGGAT,ACACGT,2,10,22b,3
283,ESFN,,TSB 24,6C,22b 3.7,CAGTTG,CAGAGT,1,10,22b,3
439,ESFN,,TSB 29,5G,22b 1.3,CGTAGA,TTCTGC,2,10,22b,1
462,ESFN,,TSB 29,8F,22b 1.7,CGATCT,GATACC,2,10,22b,1
420,ESFN,,TSB 29,3D,24a 1.3,CCATAC,TAGCTC,2,10,24a,1
364,ESFN,,TSB 28,6D,28a 3.3,CCATAC,AGATCG,2,10,28a,3
365,ESFN,,TSB 28,6E,28a 3.5,CCTGTA,AGATCG,1,10,28a,3
356,ESFN,,TSB 28,5D,28a 3.7,CCATAC,TACAGG,2,10,28a,3
248,ESFN,,TSB 24,1H,28b 3.1,CAAGCA,GAACGA,1,10,28b,3
210,ESFN,,TSB 23,7B,28b 3.2,ACCTCA,TACGAC,2,10,28b,3
212,ESFN,,TSB 23,7D,28b 3.3,ACTCTG,TACGAC,1,10,28b,3
199,ESFN,,TSB 23,5G,28b 3.4,CAACTC,TGTTCC,2,10,28b,3
200,ESFN,,TSB 23,5H,28b 3.6,CAAGCA,TGTTCC,1,10,28b,3
218,ESFN,,TSB 23,8B,28b 3.7,ACCTCA,CATCAC,1,10,28b,3
444,ESFN,,TSB 29,6D,28b 1.2,CCATAC,TCAAGC,2,10,28b,1
421,ESFN,,TSB 29,3E,28b 1.3,CCTGTA,TAGCTC,2,10,28b,1
475,ESFN,,TSB 29,10C,28b 1.5,CAGTTG,CATCAC,1,10,28b,1
410,ESFN,,TSB 29,2B,28b 1.6,CAGGAT,GAAGTC,2,10,28b,1
309,ESFN,,TSB 24,9E,29a 3.2,CCTGTA,GAGTTG,1,10,29a,3
296,ESFN,,TSB 24,7H,29a 3.4,CTCACA,CATGCT,2,10,29a,3
393,ESFN,,TSB 28,10A,29a 3.6,CACAGT,AGCAAG,2,10,29a,3
430,ESFN,,TSB 29,4F,29a 1.1,CGATCT,ACCATC,2,10,29a,1
433,ESFN,,TSB 29,5A,29a 1.4,CACAGT,TTCTGC,2,10,29a,1
422,ESFN,,TSB 29,3F,29a 1.6,CGATCT,TAGCTC,1,10,29a,1
428,ESFN,,TSB 29,4D,29a 1.7,CCATAC,ACCATC,2,10,29a,1
318,ESFN,,TSB 24,10F,29b 1.1,CGATCT,TGCTTG,1,10,29b,1
290,ESFN,,TSB 24,7B,29b 1.2,CAGGAT,CATGCT,1,10,29b,1
289,ESFN,,TSB 24,7A,29b 1.4,CACAGT,CATGCT,1,10,29b,1
314,ESFN,,TSB 24,10B,29b 1.6,CAGGAT,TGCTTG,1,10,29b,1
343,ESFN,,TSB 28,3G,29b 3.1,CGTAGA,CAACTG,2,10,29b,3
341,ESFN,,TSB 28,3E,29b 3.2,CCTGTA,CAACTG,2,10,29b,3
307,ESFN,,TSB 24,9C,29b 3.3,CAGTTG,GAGTTG,1,10,29b,3
351,ESFN,,TSB 28,4G,29b 3.4,CGTAGA,GTATGG,2,10,29b,3
350,ESFN,,TSB 28,4F,29b 3.5,CGATCT,GTATGG,1,10,29b,3
308,ESFN,,TSB 24,9D,29b 3.7,CCATAC,GAGTTG,2,10,29b,3
347,ESFN,,TSB 28,4C,29b 3.7,CAGTTG,GTATGG,1,10,29b,3
388,ESFN,,TSB 28,9D,29b 3.7,CCATAC,GTTCAG,1,10,29b,3
325,ESFN,,TSB 28,1E,2b 1.2,CCTGTA,ACTGTG,1,10,2b,1
251,ESFN,,TSB 24,2C,30a 3.1,ACGTGT,AGTCCA,1,10,30a,3
224,ESFN,,TSB 23,8H,30a 3.3,CAAGCA,CATCAC,2,10,30a,3
164,ESFN,,TSB 23,1D,30a 3.4,ACTCTG,TAGCTC,1,10,30a,3
223,ESFN,,TSB 23,8G,30a 3.5,CAACTC,CATCAC,1,10,30a,3
201,ESFN,,TSB 23,6A,30a 3.6,AAGGTC,GATACC,2,10,30a,3
165,ESFN,,TSB 23,1E,30a 3.7,AGCATG,TAGCTC,3,5,30a,3
331,ESFN,,TSB 28,2C,31a 1.2,CAGTTG,ATCCTG,2,10,31a,1
360,ESFN,,TSB 28,5H,31a 1.3,CTCACA,TACAGG,1,10,31a,1
501,ESFN,,TSB 30,3E,31a 1.4,CCTGTA,GAACGA,3,5,31a,1
380,ESFN,,TSB 28,8D,32a 3.1,CCATAC,TGTGAG,1,10,32a,3
538,ESFN,,TSB 30,8B,32a 3.3,CTTGCT,CAGAGT,3,5,32a,3
523,ESFN,,TSB 30,6C,32a 3.4,GAAGTG,TGAGGT,1,10,32a,3
524,ESFN,,TSB 30,6D,32a 3.6,GACTTC,TGAGGT,2,10,32a,3
543,ESFN,,TSB 30,8G,32b 3.3,GCAGAA,CAGAGT,1,10,32b,3
469,ESFN,,TSB 29,9E,32b 3.4,CCTGTA,TACGAC,2,10,32b,3
471,ESFN,,TSB 29,9G,32b 3.6,CGTAGA,TACGAC,2,10,32b,3
463,ESFN,,TSB 29,8G,32b 3.7,CGTAGA,GATACC,2,10,32b,3
395,ESFN,,TSB 28,10C,34a 3.7,CAGTTG,AGCAAG,2,10,34a,3
404,ESFN,,TSB 29 ,1D,34a 1.2,CCATAC,CACTTC,2,10,34a,1
402,ESFN,,TSB 29 ,1B,34a 1.4,CAGGAT,CACTTC,2,10,34a,1
546,ESFN,,TSB 30,9B,34a 1.5,CTTGCT,CATGCT,2,10,34a,1
470,ESFN,,TSB 29,9F,34a 1.6,CGATCT,TACGAC,2,10,34a,1
424,ESFN,,TSB 29,3H,34a 3.1,CTCACA,TAGCTC,1,10,34a,3
435,ESFN,,TSB 29,5C,34a 3.2,CAGTTG,TTCTGC,2,10,34a,3
412,ESFN,,TSB 29,2D,34a 3.4,CCATAC,GAAGTC,2,10,34a,3
203,ESFN,,TSB 23,6C,38a 1.1,ACGTGT,GATACC,1,10,38a,1
228,ESFN,,TSB 23,9D,38a 1.3,ACTCTG,GTGAAC,3,5,38a,1
266,ESFN,,TSB 24,4B,38a 1.5,CAGGAT,TGAGGT,2,10,38a,1
271,ESFN,,TSB 24,4G,38a 1.7,CGTAGA,TGAGGT,2,10,38a,1
498,ESFN,,TSB 30,3B,38a 1.4,CAGGAT,GAACGA,3,5,38a,1
499,ESFN,,TSB 30,3C,38a 3.2,CAGTTG,GAACGA,1,10,38a,3
533,ESFN,,TSB 30,7E,38a 3.3,GAGCTA,ACACGT,3,5,38a,3
495,ESFN,,TSB 30,2G,38a 3.5,CGTAGA,TCTGGA,1,10,38a,3
510,ESFN,,TSB 30,4F,38a 3.6,CGATCT,AGTCCA,1,10,38a,3
539,ESFN,,TSB 30,8C,38a 3.7,GAAGTG,CAGAGT,3,5,38a,3
17,ESFN,,TSB 21,3A,38b 1.1,AAGGTC,ACACGT,3,5,38b,1
67,ESFN,,TSB 21,9C,38b 1.2,ACGTGT,ACTGTG,3,5,38b,1
66,ESFN,,TSB 21,9B,38b 1.3,ACCTCA,ACTGTG,3,5,38b,1
30,ESFN,,TSB 21,4F,38b 1.4,AGTCCA,CAGAGT,2,10,38b,1
50,ESFN,,TSB 21,7B,38b 1.5,ACCTCA,GAGTTG,1,10,38b,1
12,ESFN,,TSB 21,2D,38b 3.7,ACTCTG,TGAGGT,2,10,38b,3
332,ESFN,,TSB 28,2D,41a 1.5,CCATAC,ATCCTG,1,10,41a,1
375,ESFN,,TSB 28,7G,47b 1.2,CGTAGA,TCTACG,2,10,47b,1
169,ESFN,,TSB 23,2A,47b 3.1,AAGGTC,ACCATC,3,5,47b,3
295,ESFN,,TSB 24,7G,47b 3.2,CGTAGA,CATGCT,2,10,47b,3
183,ESFN,,TSB 23,3G,47b 3.4,CAACTC,TTCTGC,3,5,47b,3
190,ESFN,,TSB 23,4F,47b 3.5,AGTCCA,TCAAGC,1,10,47b,3
182,ESFN,,TSB 23,3F,47b 3.6,AGTCCA,TTCTGC,3,5,47b,3
192,ESFN,,TSB 23,4H,47b 3.7,CAAGCA,TCAAGC,1,10,47b,3
281,ESFN,,TSB 24,6A,47n 3.3,CACAGT,CAGAGT,1,10,47n,3
39,ESFN,,TSB 21,5G,4a 1.5,CAACTC,CATGCT,3,5,4a,1
229,ESFN,,TSB 23,9E,4a 1.6,AGCATG,GTGAAC,3,5,4a,1
13,ESFN,,TSB 21,2E,4a 1.7,AGCATG,TGAGGT,2,10,4a,1
327,ESFN,,TSB 28,1G,4a 3.1,CGTAGA,ACTGTG,3,5,4a,3
448,ESFN,,TSB 29,6H,4a 3.2,CTCACA,TCAAGC,1,10,4a,3
484,ESFN,,TSB 30 ,1D,4a 3.3,CCATAC,GTGAAC,3,5,4a,3
512,ESFN,,TSB 30,4H,4a 3.4,CTCACA,AGTCCA,1,10,4a,3
511,ESFN,,TSB 30,4G,4a 3.5,CGTAGA,AGTCCA,2,10,4a,3
540,ESFN,,TSB 30,8D,4a 3.6,GACTTC,CAGAGT,4,2,4a,3
379,ESFN,,TSB 28,8C,4b 3.1,CAGTTG,TGTGAG,1,10,4b,3
489,ESFN,,TSB 30 ,2A,4b 3.1,CACAGT,TCTGGA,2,10,4b,3
330,ESFN,,TSB 28,2B,4b 3.4,CAGGAT,ATCCTG,2,10,4b,3
485,ESFN,,TSB 30 ,1E,4b 3.3,CCTGTA,GTGAAC,3,5,4b,3
530,ESFN,,TSB 30,7B,4b 3.5,CTTGCT,ACACGT,3,5,4b,3
14,ESFN,,TSB 21,2F,4h 1.3,AGTCCA,TGAGGT,3,5,4h,1
374,ESFN,,TSB 28,7F,50a 1.1,CGATCT,TCTACG,2,10,50a,1
353,ESFN,,TSB 28,5A,50a 1.2,CACAGT,TACAGG,1,10,50a,1
389,ESFN,,TSB 28,9E,50a 1.3,CCTGTA,GTTCAG,3,5,50a,1
335,ESFN,,TSB 28,2G,50a 1.4,CGTAGA,ATCCTG,3,5,50a,1
359,ESFN,,TSB 28,5G,50a 1.5,CGTAGA,TACAGG,1,10,50a,1
372,ESFN,,TSB 28,7D,50a 1.6,CCATAC,TCTACG,1,10,50a,1
384,ESFN,,TSB 28,8H,50a 1.7,CTCACA,TGTGAG,1,10,50a,1
9,ESFN,,TSB 21,2A,50a 3.2,AAGGTC,TGAGGT,2,10,50a,3
31,ESFN,,TSB 21,4G,50a 3.4,CAACTC,CAGAGT,1,10,50a,3
270,ESFN,,TSB 24,4F,50a 3.5,CGATCT,TGAGGT,3,5,50a,3
16,ESFN,,TSB 21,2H,50a 3.7,CAAGCA,TGAGGT,3,5,50a,3
339,ESFN,,TSB 28,3C,51a 1.2,CAGTTG,CAACTG,1,10,51a,1
363,ESFN,,TSB 28,6C,51a 1.4,CAGTTG,AGATCG,2,10,51a,1
354,ESFN,,TSB 28,5B,51a 1.5,CAGGAT,TACAGG,1,10,51a,1
352,ESFN,,TSB 28,4H,51a 1.6,CTCACA,GTATGG,1,10,51a,1
399,ESFN,,TSB 28,10G,51a 1.7,CGTAGA,AGCAAG,2,10,51a,1
316,ESFN,,TSB 24,10D,51a 3.1,CCATAC,TGCTTG,1,10,51a,3
317,ESFN,,TSB 24,10E,51a 3.2,CCTGTA,TGCTTG,2,10,51a,3
320,ESFN,,TSB 24,10H,51a 3.3,CTCACA,TGCTTG,2,10,51a,3
340,ESFN,,TSB 28,3D,51a 3.4,CCATAC,CAACTG,3,5,51a,3
385,ESFN,,TSB 28,9A,51a 3.5,CACAGT,GTTCAG,2,10,51a,3
286,ESFN,,TSB 24,6F,51a 3.6,CGATCT,CAGAGT,1,10,51a,3
319,ESFN,,TSB 24,10G,51a 3.7,CGTAGA,TGCTTG,1,10,51a,3
415,ESFN,,TSB 29,2G,51a 1.1,CGTAGA,GAAGTC,2,10,51a,1
522,ESFN,,TSB 30,6B,51a 1.3,CTTGCT,TGAGGT,2,10,51a,1
284,ESFN,,TSB 24,6D,52a 1.1,CCATAC,CAGAGT,1,10,52a,1
191,ESFN,,TSB 23,4G,52a 1.2,CAACTC,TCAAGC,3,5,52a,1
292,ESFN,,TSB 24,7D,52a 1.3,CCATAC,CATGCT,1,10,52a,1
196,ESFN,,TSB 23,5D,52a 1.4,ACTCTG,TGTTCC,3,5,52a,1
249,ESFN,,TSB 24,2A,52a 1.6,AAGGTC,AGTCCA,1,10,52a,1
198,ESFN,,TSB 23,5F,52a 3.1,AGTCCA,TGTTCC,1,10,52a,3
250,ESFN,,TSB 24,2B,52a 3.2,ACCTCA,AGTCCA,2,10,52a,3
161,ESFN,,TSB 23,1A,52a 3.3,AAGGTC,TAGCTC,3,5,52a,3
208,ESFN,,TSB 23,6H,52a 3.6,CAAGCA,GATACC,1,10,52a,3
184,ESFN,,TSB 23,3H,52a 3.7,CAAGCA,TTCTGC,2,10,52a,3
214,ESFN,,TSB 23,7F,52b 1.1,AGTCCA,TACGAC,1,10,52b,1
197,ESFN,,TSB 23,5E,52b 1.2,AGCATG,TGTTCC,1,10,52b,1
227,ESFN,,TSB 23,9C,52b 1.3,ACGTGT,GTGAAC,1,10,52b,1
252,ESFN,,TSB 24,2D,52b 1.4,ACTCTG,AGTCCA,1,10,52b,1
186,ESFN,,TSB 23,4B,52b 1.5,ACCTCA,TCAAGC,1,10,52b,1
179,ESFN,,TSB 23,3C,52b 1.6,ACGTGT,TTCTGC,1,10,52b,1
222,ESFN,,TSB 23,8F,52b 1.7,AGTCCA,CATCAC,3,5,52b,1
315,ESFN,,TSB 24,10C,52b 3.3,CAGTTG,TGCTTG,1,10,52b,3
396,ESFN,,TSB 28,10D,53a 1.1,CCATAC,AGCAAG,1,10,53a,1
361,ESFN,,TSB 28,6A,53a 3.2,CACAGT,AGATCG,2,10,53a,3
431,ESFN,,TSB 29,4G,53a 1.1,CGTAGA,ACCATC,2,10,53a,1
418,ESFN,,TSB 29,3B,53a 1.2,CAGGAT,TAGCTC,2,10,53a,1
548,ESFN,,TSB 30,9D,53a 1.6,GACTTC,CATGCT,3,5,53a,1
442,ESFN,,TSB 29,6B,53a 1.7,CAGGAT,TCAAGC,2,10,53a,1
355,ESFN,,TSB 28,5C,53b 1.2,CAGTTG,TACAGG,1,10,53b,1
342,ESFN,,TSB 28,3F,53b 1.3,CGATCT,CAACTG,1,10,53b,1
344,ESFN,,TSB 28,3H,53b 1.5,CTCACA,CAACTG,1,10,53b,1
400,ESFN,,TSB 28,10H,53b 1.7,CTCACA,AGCAAG,1,10,53b,1
362,ESFN,,TSB 28,6B,53b 3.5,CAGGAT,AGATCG,2,10,53b,3
368,ESFN,,TSB 28,6H,53b 3.7,CTCACA,AGATCG,1,10,53b,3
492,ESFN,,TSB 30,2D,53b 3.2,CCATAC,TCTGGA,1,10,53b,3
509,ESFN,,TSB 30,4E,53b 3.6,CCTGTA,AGTCCA,2,10,53b,3
231,ESFN,,TSB 23,9G,54a 1.3,CAACTC,GTGAAC,2,10,54a,1
230,ESFN,,TSB 23,9F,54a 1.5,AGTCCA,GTGAAC,2,10,54a,1
18,ESFN,,TSB 21,3B,54a 1.7,ACCTCA,ACACGT,1,10,54a,1
272,ESFN,,TSB 24,4H,54a 3.1,CTCACA,TGAGGT,2,10,54a,3
244,ESFN,,TSB 24,1D,54a 3.3,ACTCTG,GAACGA,1,10,54a,3
49,ESFN,,TSB 21,7A,54a 3.5,AAGGTC,GAGTTG,1,10,54a,3
279,ESFN,,TSB 24,5G,54a 3.6,CGTAGA,ACACGT,1,10,54a,3
267,ESFN,,TSB 24,4C,54a 3.7,CAGTTG,TGAGGT,1,10,54a,3
268,ESFN,,TSB 24,4D,54a 1.2,CCATAC,TGAGGT,1,10,54a,1
178,ESFN,,TSB 23,3B,54b 1.1,ACCTCA,TTCTGC,1,10,54b,1
277,ESFN,,TSB 24,5E,54b 1.2,CCTGTA,ACACGT,1,10,54b,1
163,ESFN,,TSB 23,1C,54b 1.4,ACGTGT,TAGCTC,2,10,54b,1
276,ESFN,,TSB 24,5D,54b 1.5,CCATAC,ACACGT,1,10,54b,1
275,ESFN,,TSB 24,5C,54b 1.7,CAGTTG,ACACGT,1,10,54b,1
181,ESFN,,TSB 23,3E,54b 3.1,AGCATG,TTCTGC,3,5,54b,3
176,ESFN,,TSB 23,2H,54b 3.4,CAAGCA,ACCATC,2,10,54b,3
226,ESFN,,TSB 23,9B,54b 3.5,ACCTCA,GTGAAC,1,10,54b,3
168,ESFN,,TSB 23,1H,54b 3.6,CAAGCA,TAGCTC,3,5,54b,3
175,ESFN,,TSB 23,2G,54b 3.7,CAACTC,ACCATC,3,5,54b,3
382,ESFN,,TSB 28,8F,55a 1.3,CGATCT,TGTGAG,1,10,55a,1
334,ESFN,,TSB 28,2F,55a 1.4,CGATCT,ATCCTG,3,5,55a,1
386,ESFN,,TSB 28,9B,55a 1.5,CAGGAT,GTTCAG,2,10,55a,1
366,ESFN,,TSB 28,6F,55a 1.6,CGATCT,AGATCG,1,10,55a,1
373,ESFN,,TSB 28,7E,55a 1.7,CCTGTA,TCTACG,2,10,55a,1
426,ESFN,,TSB 29,4B,55a 1.1,CAGGAT,ACCATC,2,10,55a,1
491,ESFN,,TSB 30,2C,55a 3.1,CAGTTG,TCTGGA,2,10,55a,3
544,ESFN,,TSB 30,8H,55a 3.2,GCTTGA,CAGAGT,3,5,55a,3
500,ESFN,,TSB 30,3D,55a 3.3,CCATAC,GAACGA,1,10,55a,3
508,ESFN,,TSB 30,4D,55a 3.4,CCATAC,AGTCCA,2,10,55a,3
445,ESFN,,TSB 29,6E,55a 3.5,CCTGTA,TCAAGC,2,10,55a,3
507,ESFN,,TSB 30,4C,55a 3.6,CAGTTG,AGTCCA,2,10,55a,3
497,ESFN,,TSB 30,3A,55a 3.7,CACAGT,GAACGA,2,10,55a,3
37,ESFN,,TSB 21,5E,55b 1.1,AGCATG,CATGCT,2,10,55b,1
36,ESFN,,TSB 21,5D,55b 1.4,ACTCTG,CATGCT,2,10,55b,1
29,ESFN,,TSB 21,4E,55b 1.5,AGCATG,CAGAGT,1,10,55b,1
312,ESFN,,TSB 24,9H,55b 3.1,CTCACA,GAGTTG,2,10,55b,3
288,ESFN,,TSB 24,6H,55b 3.2,CTCACA,CAGAGT,1,10,55b,3
394,ESFN,,TSB 28,10B,57b 3.7,CAGGAT,AGCAAG,1,10,57b,3
481,ESFN,,TSB 30 ,1A,58b 1.1,CACAGT,GTGAAC,2,10,58b,1
367,ESFN,,TSB 28,6G,58b 1.6,CGTAGA,AGATCG,1,10,58b,1
34,ESFN,,TSB 21,5B,58b 3.2,ACCTCA,CATGCT,3,5,58b,3
15,ESFN,,TSB 21,2G,58b 3.3,CAACTC,TGAGGT,3,5,58b,3
358,ESFN,,TSB 28,5F,58b 3.3,CGATCT,TACAGG,1,10,58b,3
487,ESFN,,TSB 30 ,1G,58b 1.7,CGTAGA,GTGAAC,3,5,58b,1
35,ESFN,,TSB 21,5C,58b 3.4,ACGTGT,CATGCT,1,10,58b,3
311,ESFN,,TSB 24,9G,59b 3.5,CGTAGA,GAGTTG,1,10,59b,3
329,ESFN,,TSB 28,2A,5b 1.4,CACAGT,ATCCTG,2,10,5b,1
482,ESFN,,TSB 30 ,1B,5b 1.6,CAGGAT,GTGAAC,3,5,5b,1
232,ESFN,,TSB 23,9H,5b 3.2,CAAGCA,GTGAAC,3,5,5b,3
269,ESFN,,TSB 24,4E,5b 3.3,CCTGTA,TGAGGT,1,10,5b,3
280,ESFN,,TSB 24,5H,5b 3.5,CTCACA,ACACGT,2,10,5b,3
242,ESFN,,TSB 24,1B,5b 3.6,ACCTCA,GAACGA,2,10,5b,3
541,ESFN,,TSB 30,8E,5b 1.3,GAGCTA,CAGAGT,2,10,5b,1
551,ESFN,,TSB 30,9G,5b 1.5,GCAGAA,CATGCT,1,10,5b,1
76,ESFN,,TSB 21,10D,63 ut7,ACTCTG,ATCCTG,2,10,luffness,
40,ESFN,,TSB 21,5H,6a 3.1,CAAGCA,CATGCT,2,10,6a,3
28,ESFN,,TSB 21,4D,6a 3.2,ACTCTG,CAGAGT,1,10,6a,3
11,ESFN,,TSB 21,2C,6a 3.3,ACGTGT,TGAGGT,1,10,6a,3
73,ESFN,,TSB 21,10A,6a 3.4,AAGGTC,ATCCTG,2,10,6a,3
38,ESFN,,TSB 21,5F,6a 3.5,AGTCCA,CATGCT,3,5,6a,3
10,ESFN,,TSB 21,2B,6a 3.6,ACCTCA,TGAGGT,2,10,6a,3
27,ESFN,,TSB 21,4C,6a 3.7,ACGTGT,CAGAGT,1,10,6a,3
483,ESFN,,TSB 30 ,1C,7a 1.1,CAGTTG,GTGAAC,1,10,7a,1
377,ESFN,,TSB 28,8A,7a 1.3,CACAGT,TGTGAG,1,10,7a,1
494,ESFN,,TSB 30,2F,7a 1.2,CGATCT,TCTGGA,1,10,7a,1
532,ESFN,,TSB 30,7D,7a 1.4,GACTTC,ACACGT,3,5,7a,1
536,ESFN,,TSB 30,7H,7a 1.5,GCTTGA,ACACGT,1,10,7a,1
383,ESFN,,TSB 28,8G,7b 1.4,CGTAGA,TGTGAG,1,10,7b,1
337,ESFN,,TSB 28,3A,7b 1.5,CACAGT,CAACTG,1,10,7b,1
369,ESFN,,TSB 28,7A,7b 3.7,CACAGT,TCTACG,2,10,7b,3
472,ESFN,,TSB 29,9H,7b 1.2,CTCACA,TACGAC,1,10,7b,1
464,ESFN,,TSB 29,8H,7b 1.6,CTCACA,GATACC,2,10,7b,1
417,ESFN,,TSB 29,3A,7b 3.6,CACAGT,TAGCTC,2,10,7b,3
219,ESFN,,TSB 23,8C,8b 1.2,ACGTGT,CATCAC,1,10,8b,1
205,ESFN,,TSB 23,6E,8b 1.3,AGCATG,GATACC,1,10,8b,1
170,ESFN,,TSB 23,2B,8b 1.4,ACCTCA,ACCATC,2,10,8b,1
172,ESFN,,TSB 23,2D,8b 1.5,ACTCTG,ACCATC,2,10,8b,1
220,ESFN,,TSB 23,8D,8b 1.6,ACTCTG,CATCAC,1,10,8b,1
256,ESFN,,TSB 24,2H,8b 1.7,CAAGCA,AGTCCA,1,10,8b,1
490,ESFN,,TSB 30 ,2B,8b 3.1,CAGGAT,TCTGGA,1,10,8b,3
496,ESFN,,TSB 30,2H,8b 3.2,CTCACA,TCTGGA,2,10,8b,3
525,ESFN,,TSB 30,6E,8b 3.3,GAGCTA,TGAGGT,2,10,8b,3
486,ESFN,,TSB 30 ,1F,8b 3.7,CGATCT,GTGAAC,3,5,8b,3
387,ESFN,,TSB 28,9C,9b 1.1,CAGTTG,GTTCAG,2,10,9b,1
357,ESFN,,TSB 28,5E,9b 1.3,CCTGTA,TACAGG,1,10,9b,1
398,ESFN,,TSB 28,10F,9b 1.6,CGATCT,AGCAAG,1,10,9b,1
195,ESFN,,TSB 23,5C,9b 3.1,ACGTGT,TGTTCC,1,10,9b,3
291,ESFN,,TSB 24,7C,9b 3.2,CAGTTG,CATGCT,1,10,9b,3
310,ESFN,,TSB 24,9F,9b 3.2,CGATCT,GAGTTG,1,10,9b,3
174,ESFN,,TSB 23,2F,9b 3.4,AGTCCA,ACCATC,1,10,9b,3
177,ESFN,,TSB 23,3A,9b 3.5,AAGGTC,TTCTGC,3,5,9b,3
294,ESFN,,TSB 24,7F,9b 3.7,CGATCT,CATGCT,1,10,9b,3
411,ESFN,,TSB 29,2C,9b 1.2,CAGTTG,GAAGTC,2,10,9b,1
326,ESFN,,TSB 28,1F,9b 1.7,CGATCT,ACTGTG,3,5,9n,1
154,ESFN,,TSB 22,10B,ha40,ACCTCA,GAAGTC,3,5,NA,
155,ESFN,,TSB 22,10C,ha41,ACGTGT,GAAGTC,3,5,NA,
156,ESFN,,TSB 22,10D,ha42,ACTCTG,GAAGTC,3,5,NA,
157,ESFN,,TSB 22,10E,ha43,AGCATG,GAAGTC,3,5,NA,
158,ESFN,,TSB 22,10F,ha44,AGTCCA,GAAGTC,3,5,NA,
159,ESFN,,TSB 22,10G,ha45,CAACTC,GAAGTC,3,5,NA,
160,ESFN,,TSB 22,10H,ha46,CAAGCA,GAAGTC,3,5,NA,
80,ESFN,,TSB 21,10H,ha47,CAAGCA,ATCCTG,2,10,NA,
79,ESFN,,TSB 21,10G,ha48,CAACTC,ATCCTG,2,10,NA,
78,ESFN,,TSB 21,10F,ha49,AGTCCA,ATCCTG,2,10,NA,
77,ESFN,,TSB 21,10E,ha50,AGCATG,ATCCTG,2,10,NA,
51,ESFN,,TSB 21,7C,ma 3.2,ACGTGT,GAGTTG,1,10,NA,
74,ESFN,,TSB 21,10B,ma 3.3,ACCTCA,ATCCTG,2,10,NA,
68,ESFN,,TSB 21,9D,ma 3.4,ACTCTG,ACTGTG,1,10,NA,
32,ESFN,,TSB 21,4H,ma 3.7,CAAGCA,CAGAGT,2,10,NA,
33,ESFN,,TSB 21,5A,neg,AAGGTC,CATGCT,1,10,NA,
81,ESFN,,TSB 22,1A,neg,AAGGTC,CAACTG,2,10,NA,
82,ESFN,,TSB 22,1B,neg,ACCTCA,CAACTG,1,10,NA,
83,ESFN,,TSB 22,1C,neg,ACGTGT,CAACTG,1,10,NA,
89,ESFN,,TSB 22,2A,neg,AAGGTC,GTATGG,1,10,NA,
94,ESFN,,TSB 22,2F,neg,AGTCCA,GTATGG,1,10,NA,
96,ESFN,,TSB 22,2H,neg,CAAGCA,GTATGG,1,10,NA,
101,ESFN,,TSB 22,3E,neg,AGCATG,TACAGG,1,10,NA,
111,ESFN,,TSB 22,4G,neg,CAACTC,AGATCG,1,10,NA,
120,ESFN,,TSB 22,5H,neg,CAAGCA,TCTACG,1,10,NA,
137,ESFN,,TSB 22,8A,neg,AAGGTC,AGCAAG,1,10,NA,
162,ESFN,,TSB 23,1B,neg,ACCTCA,TAGCTC,1,10,NA,
166,ESFN,,TSB 23,1F,neg,AGTCCA,TAGCTC,2,10,NA,
173,ESFN,,TSB 23,2E,neg,AGCATG,ACCATC,1,10,NA,
180,ESFN,,TSB 23,3D,neg,ACTCTG,TTCTGC,1,10,NA,
185,ESFN,,TSB 23,4A,neg,AAGGTC,TCAAGC,1,10,NA,
188,ESFN,,TSB 23,4D,neg,ACTCTG,TCAAGC,1,10,NA,
193,ESFN,,TSB 23,5A,neg,AAGGTC,TGTTCC,2,10,NA,
217,ESFN,,TSB 23,8A,neg,AAGGTC,CATCAC,1,10,NA,
225,ESFN,,TSB 23,9A,neg,AAGGTC,GTGAAC,1,10,NA,
233,ESFN,,TSB 23,10A,neg,AAGGTC,TCTGGA,1,10,NA,
237,ESFN,,TSB 23,10E,neg,AGCATG,TCTGGA,1,10,NA,
238,ESFN,,TSB 23,10F,neg,AGTCCA,TCTGGA,1,10,NA,
240,ESFN,,TSB 23,10H,neg,CAAGCA,TCTGGA,2,10,NA,
265,ESFN,,TSB 24,4A,neg,CACAGT,TGAGGT,1,10,NA,
273,ESFN,,TSB 24,5A,neg,CACAGT,ACACGT,1,10,NA,
287,ESFN,,TSB 24,6G,neg,CGTAGA,CAGAGT,1,10,NA,
305,ESFN,,TSB 24,9A,neg,CACAGT,GAGTTG,1,10,NA,
306,ESFN,,TSB 24,9B,neg,CAGGAT,GAGTTG,1,10,NA,
313,ESFN,,TSB 24,10A,neg,CACAGT,TGCTTG,1,10,NA,
321,ESFN,,TSB 28,1A,neg,CACAGT,ACTGTG,1,10,NA,
324,ESFN,,TSB 28,1D,neg,CCATAC,ACTGTG,1,10,NA,
328,ESFN,,TSB 28,1H,neg,CTCACA,ACTGTG,1,10,NA,
333,ESFN,,TSB 28,2E,neg,CCTGTA,ATCCTG,2,10,NA,
336,ESFN,,TSB 28,2H,neg,CTCACA,ATCCTG,1,10,NA,
401,ESFN,,TSB 29 ,1A,neg,CACAGT,CACTTC,1,10,NA,
403,ESFN,,TSB 29 ,1C,neg,CAGTTG,CACTTC,1,10,NA,
405,ESFN,,TSB 29 ,1E,neg,CCTGTA,CACTTC,1,10,NA,
406,ESFN,,TSB 29,1F,neg,CGATCT,CACTTC,1,10,NA,
407,ESFN,,TSB 29,1G,neg,CGTAGA,CACTTC,1,10,NA,
408,ESFN,,TSB 29,1H,neg,CTCACA,CACTTC,1,10,NA,
409,ESFN,,TSB 29,2A,neg,CACAGT,GAAGTC,1,10,NA,
413,ESFN,,TSB 29,2E,neg,CCTGTA,GAAGTC,1,10,NA,
414,ESFN,,TSB 29,2F,neg,CGATCT,GAAGTC,1,10,NA,
416,ESFN,,TSB 29,2H,neg,CTCACA,GAAGTC,1,10,NA,
423,ESFN,,TSB 29,3G,neg,CGTAGA,TAGCTC,1,10,NA,
425,ESFN,,TSB 29,4A,neg,CACAGT,ACCATC,1,10,NA,
432,ESFN,,TSB 29,4H,neg,CTCACA,ACCATC,1,10,NA,
434,ESFN,,TSB 29,5B,neg,CAGGAT,TTCTGC,1,10,NA,
436,ESFN,,TSB 29,5D,neg,CCATAC,TTCTGC,1,10,NA,
437,ESFN,,TSB 29,5E,neg,CCTGTA,TTCTGC,1,10,NA,
438,ESFN,,TSB 29,5F,neg,CGATCT,TTCTGC,1,10,NA,
440,ESFN,,TSB 29,5H,neg,CTCACA,TTCTGC,1,10,NA,
441,ESFN,,TSB 29,6A,neg,CACAGT,TCAAGC,1,10,NA,
446,ESFN,,TSB 29,6F,neg,CGATCT,TCAAGC,1,10,NA,
447,ESFN,,TSB 29,6G,neg,CGTAGA,TCAAGC,1,10,NA,
449,ESFN,,TSB 29,7A,neg,CACAGT,TGTTCC,1,10,NA,
451,ESFN,,TSB 29,7C,neg,CAGTTG,TGTTCC,1,10,NA,
452,ESFN,,TSB 29,7D,neg,CCATAC,TGTTCC,1,10,NA,
453,ESFN,,TSB 29,7E,neg,CCTGTA,TGTTCC,1,10,NA,
454,ESFN,,TSB 29,7F,neg,CGATCT,TGTTCC,1,10,NA,
458,ESFN,,TSB 29,8B,neg,CAGGAT,GATACC,1,10,NA,
459,ESFN,,TSB 29,8C,neg,CAGTTG,GATACC,1,10,NA,
460,ESFN,,TSB 29,8D,neg,CCATAC,GATACC,1,10,NA,
461,ESFN,,TSB 29,8E,neg,CCTGTA,GATACC,1,10,NA,
465,ESFN,,TSB 29,9A,neg,CACAGT,TACGAC,1,10,NA,
467,ESFN,,TSB 29,9C,neg,CAGTTG,TACGAC,1,10,NA,
468,ESFN,,TSB 29,9D,neg,CCATAC,TACGAC,1,10,NA,
473,ESFN,,TSB 29,10A,neg,CACAGT,CATCAC,1,10,NA,
474,ESFN,,TSB 29,10B,neg,CAGGAT,CATCAC,1,10,NA,
476,ESFN,,TSB 29,10D,neg,CCATAC,CATCAC,1,10,NA,
477,ESFN,,TSB 29,10E,neg,CCTGTA,CATCAC,1,10,NA,
478,ESFN,,TSB 29,10F,neg,CGATCT,CATCAC,1,10,NA,
479,ESFN,,TSB 29,10G,neg,CGTAGA,CATCAC,1,10,NA,
488,ESFN,,TSB 30 ,1H,neg,CTCACA,GTGAAC,1,10,NA,
493,ESFN,,TSB 30,2E,neg,CCTGTA,TCTGGA,1,10,NA,
504,ESFN,,TSB 30,3H,neg,CTCACA,GAACGA,1,10,NA,
528,ESFN,,TSB 30,6H,neg,GCTTGA,TGAGGT,1,10,NA,
552,ESFN,,TSB 30,9H,neg,GCTTGA,CATGCT,1,10,NA,
63,ESFN,,TSB 21,8G,r1 tr1,CAACTC,TGCTTG,2,10,luffness,
57,ESFN,,TSB 21,8A,r1 tr2,AAGGTC,TGCTTG,1,10,luffness,
58,ESFN,,TSB 21,8B,r1 tr3,ACCTCA,TGCTTG,2,10,luffness,
56,ESFN,,TSB 21,7H,r1 tr4,CAAGCA,GAGTTG,1,10,luffness,
64,ESFN,,TSB 21,8H,r1 ut1,CAAGCA,TGCTTG,2,10,luffness,
65,ESFN,,TSB 21,9A,r1 ut2,AAGGTC,ACTGTG,3,5,luffness,
72,ESFN,,TSB 21,9H,r1 ut3,CAAGCA,ACTGTG,2,10,luffness,
61,ESFN,,TSB 21,8E,r1 ut4,AGCATG,TGCTTG,2,10,luffness,
62,ESFN,,TSB 21,8F,r1 ut6,AGTCCA,TGCTTG,2,10,luffness,
75,ESFN,,TSB 21,10C,r1 ut7,ACGTGT,ATCCTG,2,10,luffness,
126,ESFN,,TSB 22,6F,r1t1,AGTCCA,TGTGAG,3,5,luffness,
140,ESFN,,TSB 22,8D,r1tr2,ACTCTG,AGCAAG,4,2,luffness,
138,ESFN,,TSB 22,8B,r1tr3,ACCTCA,AGCAAG,3,5,luffness,
143,ESFN,,TSB 22,8G,r1tr4,CAACTC,AGCAAG,3,5,luffness,
136,ESFN,,TSB 22,7H,r1tr5,CAAGCA,GTTCAG,3,5,luffness,
103,ESFN,,TSB 22,3G,r1tr6,CAACTC,TACAGG,2,10,luffness,
135,ESFN,,TSB 22,7G,r1tr7,CAACTC,GTTCAG,3,5,luffness,
139,ESFN,,TSB 22,8C,r1u1,ACGTGT,AGCAAG,1,10,luffness,
150,ESFN,,TSB 22,9F,r1ut2,AGTCCA,CACTTC,3,5,luffness,
148,ESFN,,TSB 22,9D,r1ut3,ACTCTG,CACTTC,3,5,luffness,
151,ESFN,,TSB 22,9G,r1ut4,CAACTC,CACTTC,3,5,luffness,
153,ESFN,,TSB 22,10A,r1ut5,AAGGTC,GAAGTC,3,5,luffness,
149,ESFN,,TSB 22,9E,r1ut6,AGCATG,CACTTC,3,5,luffness,
152,ESFN,,TSB 22,9H,r1ut7,CAAGCA,CACTTC,3,5,luffness,
121,ESFN,,TSB 22,6A,r2t2,AAGGTC,TGTGAG,3,5,luffness,
115,ESFN,,TSB 22,5C,r2t3,ACGTGT,TCTACG,2,10,luffness,
123,ESFN,,TSB 22,6C,r2t4,ACGTGT,TGTGAG,3,5,luffness,
116,ESFN,,TSB 22,5D,r2t6,ACTCTG,TCTACG,3,5,luffness,
119,ESFN,,TSB 22,5G,r2t7,CAACTC,TCTACG,1,10,luffness,
114,ESFN,,TSB 22,5B,r2u1,ACCTCA,TCTACG,3,5,luffness,
127,ESFN,,TSB 22,6G,r2u2,CAACTC,TGTGAG,3,5,luffness,
129,ESFN,,TSB 22,7A,r2u3,AAGGTC,GTTCAG,3,5,luffness,
113,ESFN,,TSB 22,5A,r2u5,AAGGTC,TCTACG,1,10,luffness,
122,ESFN,,TSB 22,6B,r2u6,ACCTCA,TGTGAG,3,5,luffness,
125,ESFN,,TSB 22,6E,r2u7,AGCATG,TGTGAG,3,5,luffness,
128,ESFN,,TSB 22,6H,r3t1,CAAGCA,TGTGAG,3,5,luffness,
130,ESFN,,TSB 22,7B,r3t2,ACCTCA,GTTCAG,1,10,luffness,
124,ESFN,,TSB 22,6D,r3t3,ACTCTG,TGTGAG,2,10,luffness,
118,ESFN,,TSB 22,5F,r3t4,AGTCCA,TCTACG,3,5,luffness,
131,ESFN,,TSB 22,7C,r3t5,ACGTGT,GTTCAG,3,5,luffness,
112,ESFN,,TSB 22,4H,r3t6,CAAGCA,AGATCG,3,5,luffness,
117,ESFN,,TSB 22,5E,r3t7,AGCATG,TCTACG,3,5,luffness,
98,ESFN,,TSB 22,3B,r3u2,ACCTCA,TACAGG,3,5,luffness,
100,ESFN,,TSB 22,3D,r3u3,ACTCTG,TACAGG,2,10,luffness,
107,ESFN,,TSB 22,4C,r3u4,ACGTGT,AGATCG,3,5,luffness,
134,ESFN,,TSB 22,7F,r3u5,AGTCCA,GTTCAG,3,5,luffness,
99,ESFN,,TSB 22,3C,r3u6,ACGTGT,TACAGG,3,5,luffness,
145,ESFN,,TSB 22,9A,r3u7,AAGGTC,CACTTC,2,10,luffness,
52,ESFN,,TSB 21,7D,r4 tr3,ACTCTG,GAGTTG,2,10,luffness,
54,ESFN,,TSB 21,7F,r4 tr6,AGTCCA,GAGTTG,2,10,luffness,
97,ESFN,,TSB 22,3A,r4t1,AAGGTC,TACAGG,3,5,luffness,
133,ESFN,,TSB 22,7E,r4t2,AGCATG,GTTCAG,3,5,luffness,
146,ESFN,,TSB 22,9B,r4t3,ACCTCA,CACTTC,1,10,luffness,
102,ESFN,,TSB 22,3F,r4t4,AGTCCA,TACAGG,2,10,luffness,
147,ESFN,,TSB 22,9C,r4t6,ACGTGT,CACTTC,3,5,luffness,
132,ESFN,,TSB 22,7D,r4u1,ACTCTG,GTTCAG,3,5,luffness,
106,ESFN,,TSB 22,4B,r4u3,ACCTCA,AGATCG,3,5,luffness,
104,ESFN,,TSB 22,3H,r4u5,CAAGCA,TACAGG,2,10,luffness,
105,ESFN,,TSB 22,4A,r4u6,AAGGTC,AGATCG,3,5,luffness,
69,ESFN,,TSB 21,9E,tr1 s2,AGCATG,ACTGTG,1,10,luffness,
55,ESFN,,TSB 21,7G,tr1 s3,CAACTC,GAGTTG,1,10,luffness,
92,ESFN,,TSB 22,2D,tr1s1,ACTCTG,GTATGG,1,10,luffness,
144,ESFN,,TSB 22,8H,tr1s2,CAAGCA,AGCAAG,3,5,luffness,
141,ESFN,,TSB 22,8E,tr1s3,AGCATG,AGCAAG,3,5,luffness,
93,ESFN,,TSB 22,2E,tr1s4,AGCATG,GTATGG,1,10,luffness,
53,ESFN,,TSB 21,7E,tr2 s5,AGCATG,GAGTTG,2,10,luffness,
87,ESFN,,TSB 22,1G,tr2s2,CAACTC,CAACTG,2,10,luffness,
95,ESFN,,TSB 22,2G,tr2s3,CAACTC,GTATGG,1,10,luffness,
85,ESFN,,TSB 22,1E,tr2s4,AGCATG,CAACTG,2,10,luffness,
142,ESFN,,TSB 22,8F,tr2s5,AGTCCA,AGCAAG,3,5,luffness,
60,ESFN,,TSB 21,8D,tr3 s1,ACTCTG,TGCTTG,2,10,luffness,
23,ESFN,,TSB 21,3G,tr3 s2,CAACTC,ACACGT,3,5,luffness,
20,ESFN,,TSB 21,3D,tr3 s3,ACTCTG,ACACGT,2,10,luffness,
25,ESFN,,TSB 21,4A,tr3 s4,AAGGTC,CAGAGT,3,5,luffness,
70,ESFN,,TSB 21,9F,tr3 s5,AGTCCA,ACTGTG,2,10,luffness,
71,ESFN,,TSB 21,9G,tr3 s6,CAACTC,ACTGTG,2,10,luffness,
21,ESFN,,TSB 21,3E,tr4 s1,AGCATG,ACACGT,3,5,luffness,
19,ESFN,,TSB 21,3C,tr4 s2,ACGTGT,ACACGT,3,5,luffness,
22,ESFN,,TSB 21,3F,tr4 s3,AGTCCA,ACACGT,1,10,luffness,
24,ESFN,,TSB 21,3H,tr4 s4,CAAGCA,ACACGT,1,10,luffness,
26,ESFN,,TSB 21,4B,tr4 s5,ACCTCA,CAGAGT,3,5,luffness,
59,ESFN,,TSB 21,8C,tr4 s6,ACGTGT,TGCTTG,2,10,luffness,
88,ESFN,,TSB 22,1H,tr5s1,CAAGCA,CAACTG,2,10,luffness,
90,ESFN,,TSB 22,2B,tr5s2,ACCTCA,GTATGG,1,10,luffness,
91,ESFN,,TSB 22,2C,tr5s3,ACGTGT,GTATGG,1,10,luffness,
84,ESFN,,TSB 22,1D,tr5s4,ACTCTG,CAACTG,2,10,luffness,
86,ESFN,,TSB 22,1F,tr5s6,AGTCCA,CAACTG,2,10,luffness,
108,ESFN,,TSB 22,4D,u3r1,ACTCTG,AGATCG,3,5,luffness,
110,ESFN,,TSB 22,4F,u4r4,AGTCCA,AGATCG,1,10,luffness,
109,ESFN,,TSB 22,4E,u4r7,AGCATG,AGATCG,3,5,luffness,
480,ESFN,,TSB 29,10H,,CTCACA,CATCAC,1,10,NA,
